{"cameraMode":{"drawMode":0,"name":"Shaded","section":"Shading Mode"},"sceneLighting":true,"audioPlay":false,"sceneViewState":{"m_AlwaysRefresh":false,"showFog":true,"showSkybox":true,"showFlares":true,"showImageEffects":true,"showParticleSystems":true,"showVisualEffectGraphs":true,"m_FxEnabled":true},"in2DMode":false,"pivot":{"x":510.73260498046877,"y":30.472885131835939,"z":428.0863342285156},"rotation":{"x":0.2774239182472229,"y":0.19646380841732026,"z":-0.05823994427919388,"w":0.9386894702911377},"size":750.5437622070313,"orthographic":false}