{"cameraMode":{"drawMode":0,"name":"Shaded","section":"Shading Mode"},"sceneLighting":true,"audioPlay":false,"sceneViewState":{"m_AlwaysRefresh":false,"showFog":true,"showSkybox":true,"showFlares":true,"showImageEffects":true,"showParticleSystems":true,"showVisualEffectGraphs":true,"m_FxEnabled":true},"in2DMode":false,"pivot":{"x":539.814697265625,"y":17.480188369750978,"z":534.9273681640625},"rotation":{"x":0.0031871956307440998,"y":0.9920079708099365,"z":-0.12354076653718949,"w":0.025595692917704583},"size":8.371540069580079,"orthographic":false}