{"cameraMode":{"drawMode":0,"name":"Shaded","section":"Shading Mode"},"sceneLighting":true,"audioPlay":false,"sceneViewState":{"m_AlwaysRefresh":false,"showFog":true,"showSkybox":true,"showFlares":true,"showImageEffects":true,"showParticleSystems":true,"showVisualEffectGraphs":true,"m_FxEnabled":true},"in2DMode":false,"pivot":{"x":711.091552734375,"y":386.3186950683594,"z":479.5487060546875},"rotation":{"x":-0.11853690445423126,"y":-0.002075485186651349,"z":0.00020623987074941397,"w":-0.9930134415626526},"size":1402.789794921875,"orthographic":false}